County,Date,WholeSale,Commodity_Classification,Year_Week,WeekofYear
Nairobi,2023-10-03,50.0,Dry_White_Maize,2023-40,40
Kirinyaga,2023-10-03,48.89,Dry_White_Maize,2023-40,40
Kisumu,2023-10-03,44.44,Dry_White_Maize,2023-40,40
Uasin-Gishu,2023-10-03,46.67,Dry_White_Maize,2023-40,40
Uasin-Gishu,2023-10-03,46.67,Dry_White_Maize,2023-40,40
Nairobi,2023-10-04,50.0,Dry_White_Maize,2023-40,40
Nairobi,2023-10-04,48.89,Dry_White_Maize,2023-40,40
Kisumu,2023-10-04,43.33,Dry_White_Maize,2023-40,40
Kiambu,2023-10-04,46.67,Dry_White_Maize,2023-40,40
Uasin-Gishu,2023-10-04,46.67,Dry_White_Maize,2023-40,40
Nairobi,2023-10-09,44.44,Dry_White_Maize,2023-41,41
Nairobi,2023-10-10,45.56,Dry_White_Maize,2023-41,41
Uasin-Gishu,2023-10-11,44.44,Dry_White_Maize,2023-41,41
Uasin-Gishu,2023-10-12,46.67,Dry_White_Maize,2023-41,41
Nairobi,2023-10-16,43.33,Dry_White_Maize,2023-42,42
Uasin-Gishu,2023-10-16,44.44,Dry_White_Maize,2023-42,42
Nairobi,2023-10-16,47.78,Dry_White_Maize,2023-42,42
Kirinyaga,2023-10-19,45.56,Dry_White_Maize,2023-42,42
Uasin-Gishu,2023-10-20,41.67,Dry_White_Maize,2023-42,42
Uasin-Gishu,2023-10-22,42.22,Dry_White_Maize,2023-43,42
Nairobi,2023-10-23,42.22,Dry_White_Maize,2023-43,43
Nairobi,2023-10-24,42.22,Dry_White_Maize,2023-43,43
Kisumu,2023-10-26,48.34,Dry_White_Maize,2023-43,43
Uasin-Gishu,2023-10-28,41.11,Dry_White_Maize,2023-43,43
Uasin-Gishu,2023-10-30,40.0,Dry_White_Maize,2023-44,44
Kirinyaga,2023-10-30,41.11,Dry_White_Maize,2023-44,44
Kisumu,2023-10-30,48.33,Dry_White_Maize,2023-44,44
Nairobi,2023-10-30,42.22,Dry_White_Maize,2023-44,44
Uasin-Gishu,2023-10-30,41.11,Dry_White_Maize,2023-44,44
Kirinyaga,2023-10-31,41.11,Dry_White_Maize,2023-44,44
Embu,2023-11-02,47.78,Dry_White_Maize,2023-44,44
Kirinyaga,2023-11-03,43.89,Dry_White_Maize,2023-44,44
Kisumu,2023-11-06,48.33,Dry_White_Maize,2023-45,45
Kisumu,2023-11-08,43.33,Dry_White_Maize,2023-45,45
Nairobi,2023-11-08,42.22,Dry_White_Maize,2023-45,45
Kirinyaga,2023-11-08,41.11,Dry_White_Maize,2023-45,45
Uasin-Gishu,2023-11-08,41.11,Dry_White_Maize,2023-45,45
Kirinyaga,2023-11-10,43.89,Dry_White_Maize,2023-45,45
Kisumu,2023-11-10,45.96,Dry_White_Maize,2023-45,45
Kisumu,2023-11-13,48.33,Dry_White_Maize,2023-46,46
Uasin-Gishu,2023-11-17,41.11,Dry_White_Maize,2023-46,46
Uasin-Gishu,2023-11-17,42.22,Dry_White_Maize,2023-46,46
Nairobi,2023-11-17,42.22,Dry_White_Maize,2023-46,46
Kirinyaga,2023-11-17,41.11,Dry_White_Maize,2023-46,46
Kirinyaga,2023-11-17,45.56,Dry_White_Maize,2023-46,46
Kirinyaga,2023-11-27,41.11,Dry_White_Maize,2023-48,48
Uasin-Gishu,2023-11-27,43.33,Dry_White_Maize,2023-48,48
Nairobi,2023-11-27,43.33,Dry_White_Maize,2023-48,48
Embu,2023-12-04,50.0,Dry_White_Maize,2023-49,49
Nyeri,2023-12-04,45.56,Dry_White_Maize,2023-49,49
Kisumu,2023-12-04,41.11,Dry_White_Maize,2023-49,49
Nairobi,2023-12-04,42.78,Dry_White_Maize,2023-49,49
Kisumu,2023-12-04,52.22,Dry_White_Maize,2023-49,49
Uasin-Gishu,2023-12-04,42.78,Dry_White_Maize,2023-49,49
Kirinyaga,2023-12-04,47.78,Dry_White_Maize,2023-49,49
Uasin-Gishu,2023-12-04,43.33,Dry_White_Maize,2023-49,49
Uasin-Gishu,2023-12-04,41.11,Dry_White_Maize,2023-49,49
Nairobi,2023-12-04,43.33,Dry_White_Maize,2023-49,49
Nairobi,2023-12-15,43.33,Dry_White_Maize,2023-50,50
Kisumu,2023-12-15,41.11,Dry_White_Maize,2023-50,50
Kirinyaga,2023-12-15,41.11,Dry_White_Maize,2023-50,50
Nyeri,2023-12-15,45.56,Dry_White_Maize,2023-50,50
Nairobi,2023-12-15,43.33,Dry_White_Maize,2023-50,50
Uasin-Gishu,2023-12-15,42.78,Dry_White_Maize,2023-50,50
Kirinyaga,2023-12-15,47.78,Dry_White_Maize,2023-50,50
Uasin-Gishu,2023-12-15,41.11,Dry_White_Maize,2023-50,50
Kirinyaga,2024-01-03,44.44,Dry_White_Maize,2024-00,1
Uasin-Gishu,2024-01-03,44.44,Dry_White_Maize,2024-00,1
Kirinyaga,2024-01-03,47.78,Dry_White_Maize,2024-00,1
Kisumu,2024-01-03,43.33,Dry_White_Maize,2024-00,1
Nairobi,2024-01-03,45.56,Dry_White_Maize,2024-00,1
Nairobi,2024-01-03,45.56,Dry_White_Maize,2024-00,1
Kisumu,2024-01-03,50.0,Dry_White_Maize,2024-00,1
Kirinyaga,2024-01-09,44.44,Dry_White_Maize,2024-01,2
Embu,2024-01-09,45.56,Dry_White_Maize,2024-01,2
Nairobi,2024-01-16,45.56,Dry_White_Maize,2024-02,3
Kiambu,2024-01-16,47.78,Dry_White_Maize,2024-02,3
Nairobi,2024-01-16,46.11,Dry_White_Maize,2024-02,3
Kirinyaga,2024-01-16,43.33,Dry_White_Maize,2024-02,3
Uasin-Gishu,2024-01-16,45.56,Dry_White_Maize,2024-02,3
Uasin-Gishu,2024-01-16,42.22,Dry_White_Maize,2024-02,3
Nairobi,2024-01-18,46.37,Dry_White_Maize,2024-02,3
Uasin-Gishu,2024-01-23,43.89,Dry_White_Maize,2024-03,4
Uasin-Gishu,2024-01-23,42.22,Dry_White_Maize,2024-03,4
Nairobi,2024-01-23,45.56,Dry_White_Maize,2024-03,4
Nairobi,2024-01-23,46.11,Dry_White_Maize,2024-03,4
Kirinyaga,2024-01-30,43.33,Dry_White_Maize,2024-04,5
Nairobi,2024-01-31,45.52,Dry_White_Maize,2024-04,5
Uasin-Gishu,2024-01-31,44.19,Dry_White_Maize,2024-04,5
Mombasa,2024-02-08,43.33,Dry_White_Maize,2024-05,6
Kirinyaga,2024-02-08,44.44,Dry_White_Maize,2024-05,6
Nairobi,2024-02-08,43.33,Dry_White_Maize,2024-05,6
Kirinyaga,2024-02-08,44.44,Dry_White_Maize,2024-05,6
Uasin-Gishu,2024-02-08,43.33,Dry_White_Maize,2024-05,6
Uasin-Gishu,2024-02-08,42.22,Dry_White_Maize,2024-05,6
Kisumu,2024-02-08,43.33,Dry_White_Maize,2024-05,6
Kiambu,2024-02-08,47.78,Dry_White_Maize,2024-05,6
Uasin-Gishu,2024-02-15,41.11,Dry_White_Maize,2024-06,7
Kiambu,2024-02-15,44.44,Dry_White_Maize,2024-06,7
Mombasa,2024-02-15,44.44,Dry_White_Maize,2024-06,7
Mombasa,2024-02-15,41.11,Dry_White_Maize,2024-06,7
Nairobi,2024-02-15,41.11,Dry_White_Maize,2024-06,7
Nairobi,2024-02-15,41.11,Dry_White_Maize,2024-06,7
Kirinyaga,2024-02-15,43.33,Dry_White_Maize,2024-06,7
Uasin-Gishu,2024-02-15,40.0,Dry_White_Maize,2024-06,7
Uasin-Gishu,2024-02-15,41.11,Dry_White_Maize,2024-06,7
Nairobi,2024-02-19,39.99,Dry_White_Maize,2024-07,8
Kirinyaga,2024-02-26,41.11,Dry_White_Maize,2024-08,9
Nairobi,2024-02-26,37.78,Dry_White_Maize,2024-08,9
Nairobi,2024-02-26,40.0,Dry_White_Maize,2024-08,9
Mombasa,2024-02-26,37.78,Dry_White_Maize,2024-08,9
Kirinyaga,2024-02-26,42.22,Dry_White_Maize,2024-08,9
Kisumu,2024-03-08,36.11,Dry_White_Maize,2024-09,10
Kiambu,2024-03-08,37.78,Dry_White_Maize,2024-09,10
Nairobi,2024-03-08,36.11,Dry_White_Maize,2024-09,10
Kirinyaga,2024-03-08,28.89,Dry_White_Maize,2024-09,10
Uasin-Gishu,2024-03-08,36.67,Dry_White_Maize,2024-09,10
Uasin-Gishu,2024-03-08,36.11,Dry_White_Maize,2024-09,10
Mombasa,2024-03-08,36.11,Dry_White_Maize,2024-09,10
Nairobi,2024-03-21,35.56,Dry_White_Maize,2024-11,12
Mombasa,2024-03-21,35.56,Dry_White_Maize,2024-11,12
Uasin-Gishu,2024-03-22,35.56,Dry_White_Maize,2024-11,12
Uasin-Gishu,2024-03-22,36.67,Dry_White_Maize,2024-11,12
Uasin-Gishu,2024-03-22,32.22,Dry_White_Maize,2024-11,12
Kiambu,2024-03-22,39.44,Dry_White_Maize,2024-11,12
Nairobi,2024-03-22,36.11,Dry_White_Maize,2024-11,12
Kirinyaga,2024-03-22,35.56,Dry_White_Maize,2024-11,12
Kisumu,2024-03-22,35.56,Dry_White_Maize,2024-11,12
Nairobi,2024-03-26,34.0,Dry_White_Maize,2024-12,13
Nairobi,2024-03-26,47.0,Dry_White_Maize,2024-12,13
Nairobi,2024-03-26,36.0,Dry_White_Maize,2024-12,13
Nairobi,2024-04-03,35.56,Dry_White_Maize,2024-13,14
Uasin-Gishu,2024-04-16,35.56,Dry_White_Maize,2024-15,16
Uasin-Gishu,2024-04-16,35.16,Dry_White_Maize,2024-15,16
Uasin-Gishu,2024-04-17,35.0,Dry_White_Maize,2024-15,16
Uasin-Gishu,2024-04-17,35.56,Dry_White_Maize,2024-15,16
Nairobi,2024-04-17,35.56,Dry_White_Maize,2024-15,16
Mombasa,2024-04-17,35.56,Dry_White_Maize,2024-15,16
Uasin-Gishu,2024-04-17,35.56,Dry_White_Maize,2024-15,16
Nairobi,2024-04-22,38.0,Dry_White_Maize,2024-16,17
Mombasa,2024-04-23,33.89,Dry_White_Maize,2024-16,17
Uasin-Gishu,2024-04-23,34.44,Dry_White_Maize,2024-16,17
Uasin-Gishu,2024-04-23,34.44,Dry_White_Maize,2024-16,17
Kirinyaga,2024-04-23,34.44,Dry_White_Maize,2024-16,17
Uasin-Gishu,2024-04-23,33.33,Dry_White_Maize,2024-16,17
Nairobi,2024-04-23,33.89,Dry_White_Maize,2024-16,17
Nairobi,2024-04-23,35.0,Dry_White_Maize,2024-16,17
Uasin-Gishu,2024-04-23,34.07,Dry_White_Maize,2024-16,17
Nairobi,2024-04-30,33.33,Dry_White_Maize,2024-17,18
Uasin-Gishu,2024-04-30,34.44,Dry_White_Maize,2024-17,18
Mombasa,2024-04-30,34.44,Dry_White_Maize,2024-17,18
Uasin-Gishu,2024-04-30,33.33,Dry_White_Maize,2024-17,18
Uasin-Gishu,2024-04-30,33.33,Dry_White_Maize,2024-17,18
Uasin-Gishu,2024-04-30,34.07,Dry_White_Maize,2024-17,18
Nairobi,2024-05-07,36.6,Dry_White_Maize,2024-18,19
Nairobi,2024-05-08,36.6,Dry_White_Maize,2024-18,19
Nairobi,2024-05-09,36.6,Dry_White_Maize,2024-18,19
Nairobi,2024-05-13,36.6,Dry_White_Maize,2024-19,20
Nairobi,2024-05-14,36.6,Dry_White_Maize,2024-19,20
Nairobi,2024-05-15,36.6,Dry_White_Maize,2024-19,20
Nairobi,2024-05-15,36.51,Dry_White_Maize,2024-19,20
Nairobi,2024-05-16,36.67,Dry_White_Maize,2024-19,20
Mombasa,2024-05-16,32.78,Dry_White_Maize,2024-19,20
Uasin-Gishu,2024-05-16,33.33,Dry_White_Maize,2024-19,20
Kirinyaga,2024-05-16,33.33,Dry_White_Maize,2024-19,20
Uasin-Gishu,2024-05-16,32.22,Dry_White_Maize,2024-19,20
Nairobi,2024-05-16,35.0,Dry_White_Maize,2024-19,20
Nairobi,2024-05-16,36.6,Dry_White_Maize,2024-19,20
Nairobi,2024-05-17,36.6,Dry_White_Maize,2024-19,20
Nairobi,2024-05-23,36.67,Dry_White_Maize,2024-20,21
Kirinyaga,2024-05-24,35.56,Dry_White_Maize,2024-20,21
Uasin-Gishu,2024-05-24,34.44,Dry_White_Maize,2024-20,21
Uasin-Gishu,2024-05-24,34.44,Dry_White_Maize,2024-20,21
Mombasa,2024-05-24,32.78,Dry_White_Maize,2024-20,21
Nairobi,2024-05-24,34.44,Dry_White_Maize,2024-20,21
Nairobi,2024-05-29,38.33,Dry_White_Maize,2024-21,22
,2024-05-31,35.87,Dry_White_Maize,2024-21,22
Nairobi,2024-05-31,38.33,Dry_White_Maize,2024-21,22
Nairobi,2024-05-31,38.33,Dry_White_Maize,2024-21,22
Nairobi,2024-06-03,38.33,Dry_White_Maize,2024-22,23
Bungoma,2024-06-07,32.77,Dry_White_Maize,2024-22,23
Uasin-Gishu,2024-06-10,35.56,Dry_White_Maize,2024-23,24
Kiambu,2024-06-10,33.33,Dry_White_Maize,2024-23,24
Mombasa,2024-06-10,32.22,Dry_White_Maize,2024-23,24
Uasin-Gishu,2024-06-10,32.22,Dry_White_Maize,2024-23,24
Kirinyaga,2024-06-10,33.33,Dry_White_Maize,2024-23,24
Uasin-Gishu,2024-06-10,32.22,Dry_White_Maize,2024-23,24
Uasin-Gishu,2024-06-13,25.88,Dry_White_Maize,2024-23,24
Mombasa,2024-06-20,32.22,Dry_White_Maize,2024-24,25
Nairobi,2024-06-20,32.22,Dry_White_Maize,2024-24,25
Uasin-Gishu,2024-06-20,32.22,Dry_White_Maize,2024-24,25
Kirinyaga,2024-06-20,33.33,Dry_White_Maize,2024-24,25
Nairobi,2024-07-05,27.78,Dry_White_Maize,2024-26,27
Mombasa,2024-07-05,27.78,Dry_White_Maize,2024-26,27
Kirinyaga,2024-07-15,34.44,Dry_White_Maize,2024-28,29
Nairobi,2024-07-15,32.22,Dry_White_Maize,2024-28,29
Kisumu,2024-07-16,42.22,Dry_White_Maize,2024-28,29
Mombasa,2024-07-22,32.22,Dry_White_Maize,2024-29,30
Uasin-Gishu,2024-07-22,32.22,Dry_White_Maize,2024-29,30
Uasin-Gishu,2024-07-29,32.22,Dry_White_Maize,2024-30,31
Nairobi,2024-07-29,34.44,Dry_White_Maize,2024-30,31
Kirinyaga,2024-07-29,33.33,Dry_White_Maize,2024-30,31
Kiambu,2024-07-29,32.22,Dry_White_Maize,2024-30,31
Uasin-Gishu,2024-07-29,32.22,Dry_White_Maize,2024-30,31
Kirinyaga,2024-07-29,35.56,Dry_White_Maize,2024-30,31
Bungoma,2024-08-16,33.89,Dry_White_Maize,2024-32,33
Nairobi,2024-08-21,32.22,Dry_White_Maize,2024-33,34
Uasin-Gishu,2024-08-21,32.78,Dry_White_Maize,2024-33,34
Uasin-Gishu,2024-08-21,35.56,Dry_White_Maize,2024-33,34
Uasin-Gishu,2024-09-03,29.61,Dry_White_Maize,2024-35,36
Uasin-Gishu,2024-09-11,33.33,Dry_White_Maize,2024-36,37
Nairobi,2024-09-11,32.78,Dry_White_Maize,2024-36,37
Nairobi,2024-09-11,31.11,Dry_White_Maize,2024-36,37
Uasin-Gishu,2024-09-16,29.17,Dry_White_Maize,2024-37,38
Uasin-Gishu,2024-09-19,30.0,Dry_White_Maize,2024-37,38
Nairobi,2024-09-23,31.11,Dry_White_Maize,2024-38,39
Nairobi,2024-09-23,32.78,Dry_White_Maize,2024-38,39
Uasin-Gishu,2024-09-23,33.33,Dry_White_Maize,2024-38,39
Nairobi,2024-09-30,31.11,Dry_White_Maize,2024-39,40
Nairobi,2024-09-30,32.22,Dry_White_Maize,2024-39,40
Uasin-Gishu,2024-09-30,31.11,Dry_White_Maize,2024-39,40
Nairobi,2024-09-30,31.11,Dry_White_Maize,2024-39,40
Kisumu,2024-09-30,32.22,Dry_White_Maize,2024-39,40
Meru,2024-09-30,30.0,Dry_White_Maize,2024-39,40
Uasin-Gishu,2024-10-02,30.51,Dry_White_Maize,2024-39,40
Bungoma,2024-10-16,32.23,Dry_White_Maize,2024-41,42
Nairobi,2024-10-23,33.33,Dry_White_Maize,2024-42,43
Nairobi,2024-10-23,35.0,Dry_White_Maize,2024-42,43
Uasin-Gishu,2024-10-23,31.67,Dry_White_Maize,2024-42,43
Uasin-Gishu,2024-10-23,33.33,Dry_White_Maize,2024-42,43
Kisumu,2024-10-23,42.22,Dry_White_Maize,2024-42,43
Nairobi,2024-10-24,35.56,Dry_White_Maize,2024-42,43
,2024-10-24,30.7,Dry_White_Maize,2024-42,43
Busia,2024-10-25,30.0,Dry_White_Maize,2024-42,43
Nairobi,2024-10-25,35.3,Dry_White_Maize,2024-42,43
Uasin-Gishu,2024-10-28,34.76,Dry_White_Maize,2024-43,44
,2024-10-29,31.59,Dry_White_Maize,2024-43,44
Kakamega,2024-11-02,30.0,Dry_White_Maize,2024-43,44
Uasin-Gishu,2024-11-05,35.33,Dry_White_Maize,2024-44,45
Uasin-Gishu,2024-11-05,35.55,Dry_White_Maize,2024-44,45
Kiambu,2024-11-06,38.33,Dry_White_Maize,2024-44,45
Kiambu,2024-11-08,38.33,Dry_White_Maize,2024-44,45
Kiambu,2024-11-13,41.11,Dry_White_Maize,2024-45,46
Nairobi,2024-11-16,42.84,Dry_White_Maize,2024-45,46
Uasin-Gishu,2024-11-16,42.23,Dry_White_Maize,2024-45,46
Uasin-Gishu,2024-11-21,39.44,Dry_White_Maize,2024-46,47
Kiambu,2024-11-21,43.89,Dry_White_Maize,2024-46,47
Uasin-Gishu,2024-11-21,41.11,Dry_White_Maize,2024-46,47
Kiambu,2024-11-21,42.22,Dry_White_Maize,2024-46,47
Kiambu,2024-11-21,40.81,Dry_White_Maize,2024-46,47
Nairobi,2024-11-22,41.39,Dry_White_Maize,2024-46,47
Kiambu,2024-11-25,40.81,Dry_White_Maize,2024-47,48
Kisumu,2024-11-25,40.81,Dry_White_Maize,2024-47,48
Uasin-Gishu,2024-11-25,37.38,Dry_White_Maize,2024-47,48
Nairobi,2024-11-27,41.91,Dry_White_Maize,2024-47,48
Nairobi,2024-11-28,42.14,Dry_White_Maize,2024-47,48
Nairobi,2024-12-03,42.14,Dry_White_Maize,2024-48,49
Nairobi,2024-12-04,42.69,Dry_White_Maize,2024-48,49
Kiambu,2024-12-05,41.91,Dry_White_Maize,2024-48,49
Kiambu,2024-12-06,40.55,Dry_White_Maize,2024-48,49
Kiambu,2024-12-09,40.55,Dry_White_Maize,2024-49,50
Uasin-Gishu,2024-12-09,39.97,Dry_White_Maize,2024-49,50
Kiambu,2024-12-10,40.55,Dry_White_Maize,2024-49,50
Uasin-Gishu,2024-12-10,40.0,Dry_White_Maize,2024-49,50
Kiambu,2024-12-10,40.55,Dry_White_Maize,2024-49,50
Kiambu,2024-12-10,40.55,Dry_White_Maize,2024-49,50
Uasin-Gishu,2024-12-30,36.89,Dry_White_Maize,2024-52,1
Uasin-Gishu,2024-12-30,36.89,Dry_White_Maize,2024-52,1
Uasin-Gishu,2024-12-30,39.44,Dry_White_Maize,2024-52,1
Uasin-Gishu,2024-12-31,36.66,Dry_White_Maize,2024-52,1
Uasin-Gishu,2025-01-03,36.44,Dry_White_Maize,2025-00,1
Uasin-Gishu,2025-01-06,39.44,Dry_White_Maize,2025-01,2
Uasin-Gishu,2025-01-06,36.44,Dry_White_Maize,2025-01,2
Uasin-Gishu,2025-01-07,36.44,Dry_White_Maize,2025-01,2
Uasin-Gishu,2025-01-09,37.22,Dry_White_Maize,2025-01,2
Uasin-Gishu,2025-01-09,36.45,Dry_White_Maize,2025-01,2
Kiambu,2025-01-09,41.11,Dry_White_Maize,2025-01,2
Uasin-Gishu,2025-01-09,36.44,Dry_White_Maize,2025-01,2
Uasin-Gishu,2025-01-10,37.22,Dry_White_Maize,2025-01,2
Uasin-Gishu,2025-01-10,36.44,Dry_White_Maize,2025-01,2
Uasin-Gishu,2025-01-10,36.45,Dry_White_Maize,2025-01,2
Uasin-Gishu,2025-01-11,37.22,Dry_White_Maize,2025-01,2
Uasin-Gishu,2025-01-11,36.44,Dry_White_Maize,2025-01,2
Uasin-Gishu,2025-01-11,36.44,Dry_White_Maize,2025-01,2
Uasin-Gishu,2025-01-13,36.45,Dry_White_Maize,2025-02,3
Uasin-Gishu,2025-01-14,36.67,Dry_White_Maize,2025-02,3
Uasin-Gishu,2025-01-14,37.22,Dry_White_Maize,2025-02,3
Uasin-Gishu,2025-01-15,36.44,Dry_White_Maize,2025-02,3
Kiambu,2025-01-15,42.22,Dry_White_Maize,2025-02,3
Uasin-Gishu,2025-01-15,36.44,Dry_White_Maize,2025-02,3
Uasin-Gishu,2025-01-16,36.44,Dry_White_Maize,2025-02,3
Uasin-Gishu,2025-01-16,36.67,Dry_White_Maize,2025-02,3
Uasin-Gishu,2025-01-16,37.78,Dry_White_Maize,2025-02,3
Kiambu,2025-01-16,42.78,Dry_White_Maize,2025-02,3
Uasin-Gishu,2025-01-20,37.78,Dry_White_Maize,2025-03,4
Uasin-Gishu,2025-01-20,36.44,Dry_White_Maize,2025-03,4
Uasin-Gishu,2025-01-21,37.22,Dry_White_Maize,2025-03,4
Uasin-Gishu,2025-01-21,37.22,Dry_White_Maize,2025-03,4
Uasin-Gishu,2025-01-21,37.22,Dry_White_Maize,2025-03,4
Uasin-Gishu,2025-01-22,37.22,Dry_White_Maize,2025-03,4
Uasin-Gishu,2025-01-22,37.78,Dry_White_Maize,2025-03,4
Uasin-Gishu,2025-01-22,38.33,Dry_White_Maize,2025-03,4
Uasin-Gishu,2025-01-22,37.22,Dry_White_Maize,2025-03,4
Uasin-Gishu,2025-01-22,38.33,Dry_White_Maize,2025-03,4
Uasin-Gishu,2025-01-23,37.78,Dry_White_Maize,2025-03,4
Uasin-Gishu,2025-01-23,37.78,Dry_White_Maize,2025-03,4
Uasin-Gishu,2025-01-23,37.78,Dry_White_Maize,2025-03,4
Uasin-Gishu,2025-01-23,37.22,Dry_White_Maize,2025-03,4
Uasin-Gishu,2025-01-23,37.78,Dry_White_Maize,2025-03,4
Uasin-Gishu,2025-01-24,37.78,Dry_White_Maize,2025-03,4
Uasin-Gishu,2025-01-24,38.89,Dry_White_Maize,2025-03,4
Uasin-Gishu,2025-01-24,37.78,Dry_White_Maize,2025-03,4
Kiambu,2025-01-24,42.55,Dry_White_Maize,2025-03,4
Nairobi,2025-01-24,42.22,Dry_White_Maize,2025-03,4
Uasin-Gishu,2025-01-24,37.22,Dry_White_Maize,2025-03,4
Uasin-Gishu,2025-01-27,37.78,Dry_White_Maize,2025-04,5
Kiambu,2025-01-27,42.55,Dry_White_Maize,2025-04,5
Kiambu,2025-01-27,42.55,Dry_White_Maize,2025-04,5
Kiambu,2025-01-27,42.55,Dry_White_Maize,2025-04,5
Kiambu,2025-01-27,42.22,Dry_White_Maize,2025-04,5
Kiambu,2025-01-27,42.55,Dry_White_Maize,2025-04,5
Kiambu,2025-01-28,42.55,Dry_White_Maize,2025-04,5
Uasin-Gishu,2025-01-28,37.78,Dry_White_Maize,2025-04,5
Kiambu,2025-01-28,42.55,Dry_White_Maize,2025-04,5
Uasin-Gishu,2025-01-29,37.78,Dry_White_Maize,2025-04,5
Uasin-Gishu,2025-01-29,37.78,Dry_White_Maize,2025-04,5
Uasin-Gishu,2025-01-29,37.78,Dry_White_Maize,2025-04,5
Kiambu,2025-01-29,42.22,Dry_White_Maize,2025-04,5
Uasin-Gishu,2025-01-29,37.78,Dry_White_Maize,2025-04,5
Uasin-Gishu,2025-01-30,37.78,Dry_White_Maize,2025-04,5
Kiambu,2025-01-30,40.56,Dry_White_Maize,2025-04,5
Uasin-Gishu,2025-01-30,37.78,Dry_White_Maize,2025-04,5
Uasin-Gishu,2025-01-30,37.78,Dry_White_Maize,2025-04,5
Uasin-Gishu,2025-01-31,37.78,Dry_White_Maize,2025-04,5
Uasin-Gishu,2025-01-31,37.78,Dry_White_Maize,2025-04,5
Uasin-Gishu,2025-01-31,37.78,Dry_White_Maize,2025-04,5
Uasin-Gishu,2025-01-31,39.0,Dry_White_Maize,2025-04,5
Kiambu,2025-01-31,42.22,Dry_White_Maize,2025-04,5
Kiambu,2025-01-31,42.55,Dry_White_Maize,2025-04,5
Uasin-Gishu,2025-01-31,36.67,Dry_White_Maize,2025-04,5
Uasin-Gishu,2025-01-31,37.78,Dry_White_Maize,2025-04,5
Kiambu,2025-01-31,42.55,Dry_White_Maize,2025-04,5
Uasin-Gishu,2025-01-31,36.67,Dry_White_Maize,2025-04,5
Uasin-Gishu,2025-02-03,39.0,Dry_White_Maize,2025-05,6
Uasin-Gishu,2025-02-03,37.78,Dry_White_Maize,2025-05,6
Kiambu,2025-02-03,42.55,Dry_White_Maize,2025-05,6
Uasin-Gishu,2025-02-03,36.67,Dry_White_Maize,2025-05,6
Kiambu,2025-02-03,42.55,Dry_White_Maize,2025-05,6
Uasin-Gishu,2025-02-03,37.78,Dry_White_Maize,2025-05,6
Kiambu,2025-02-03,42.55,Dry_White_Maize,2025-05,6
Kiambu,2025-02-04,42.55,Dry_White_Maize,2025-05,6
Kiambu,2025-02-04,42.55,Dry_White_Maize,2025-05,6
Uasin-Gishu,2025-02-05,37.78,Dry_White_Maize,2025-05,6
Kiambu,2025-02-05,42.55,Dry_White_Maize,2025-05,6
Uasin-Gishu,2025-02-05,37.78,Dry_White_Maize,2025-05,6
Kiambu,2025-02-05,42.55,Dry_White_Maize,2025-05,6
Uasin-Gishu,2025-02-05,37.78,Dry_White_Maize,2025-05,6
Uasin-Gishu,2025-02-06,37.78,Dry_White_Maize,2025-05,6
Uasin-Gishu,2025-02-06,40.0,Dry_White_Maize,2025-05,6
Uasin-Gishu,2025-02-06,40.0,Dry_White_Maize,2025-05,6
Uasin-Gishu,2025-02-06,36.67,Dry_White_Maize,2025-05,6
Uasin-Gishu,2025-02-06,37.78,Dry_White_Maize,2025-05,6
Kiambu,2025-02-06,42.55,Dry_White_Maize,2025-05,6
Uasin-Gishu,2025-02-06,35.7,Dry_White_Maize,2025-05,6
Uasin-Gishu,2025-02-07,40.0,Dry_White_Maize,2025-05,6
Uasin-Gishu,2025-02-07,40.0,Dry_White_Maize,2025-05,6
Uasin-Gishu,2025-02-07,36.26,Dry_White_Maize,2025-05,6
Kiambu,2025-02-07,42.55,Dry_White_Maize,2025-05,6
Kiambu,2025-02-07,42.55,Dry_White_Maize,2025-05,6
Uasin-Gishu,2025-02-08,40.0,Dry_White_Maize,2025-05,6
Kiambu,2025-02-08,42.55,Dry_White_Maize,2025-05,6
Uasin-Gishu,2025-02-10,36.26,Dry_White_Maize,2025-06,7
Kiambu,2025-02-10,42.55,Dry_White_Maize,2025-06,7
Uasin-Gishu,2025-02-11,40.0,Dry_White_Maize,2025-06,7
Kiambu,2025-02-11,42.55,Dry_White_Maize,2025-06,7
Uasin-Gishu,2025-02-11,37.78,Dry_White_Maize,2025-06,7
Kiambu,2025-02-11,42.55,Dry_White_Maize,2025-06,7
Uasin-Gishu,2025-02-12,40.0,Dry_White_Maize,2025-06,7
Uasin-Gishu,2025-02-13,40.0,Dry_White_Maize,2025-06,7
Uasin-Gishu,2025-02-13,37.78,Dry_White_Maize,2025-06,7
Kiambu,2025-02-13,41.11,Dry_White_Maize,2025-06,7
Kiambu,2025-02-13,41.11,Dry_White_Maize,2025-06,7
Uasin-Gishu,2025-02-13,37.78,Dry_White_Maize,2025-06,7
Uasin-Gishu,2025-02-14,40.0,Dry_White_Maize,2025-06,7
Uasin-Gishu,2025-02-14,37.78,Dry_White_Maize,2025-06,7
Uasin-Gishu,2025-02-18,40.0,Dry_White_Maize,2025-07,8
Uasin-Gishu,2025-02-18,37.31,Dry_White_Maize,2025-07,8
Uasin-Gishu,2025-02-19,40.0,Dry_White_Maize,2025-07,8
Uasin-Gishu,2025-02-19,40.0,Dry_White_Maize,2025-07,8
Uasin-Gishu,2025-02-19,37.78,Dry_White_Maize,2025-07,8
Uasin-Gishu,2025-02-19,40.0,Dry_White_Maize,2025-07,8
Uasin-Gishu,2025-02-20,40.0,Dry_White_Maize,2025-07,8
Uasin-Gishu,2025-02-20,40.0,Dry_White_Maize,2025-07,8
Uasin-Gishu,2025-02-20,42.22,Dry_White_Maize,2025-07,8
Uasin-Gishu,2025-02-20,40.0,Dry_White_Maize,2025-07,8
Uasin-Gishu,2025-02-20,37.31,Dry_White_Maize,2025-07,8
Uasin-Gishu,2025-02-21,48.33,Dry_White_Maize,2025-07,8
Uasin-Gishu,2025-02-21,40.0,Dry_White_Maize,2025-07,8
Uasin-Gishu,2025-02-22,48.33,Dry_White_Maize,2025-07,8
Uasin-Gishu,2025-02-22,37.9,Dry_White_Maize,2025-07,8
Uasin-Gishu,2025-02-24,48.33,Dry_White_Maize,2025-08,9
Uasin-Gishu,2025-02-24,48.33,Dry_White_Maize,2025-08,9
Uasin-Gishu,2025-02-24,40.0,Dry_White_Maize,2025-08,9
Uasin-Gishu,2025-02-24,40.0,Dry_White_Maize,2025-08,9
Uasin-Gishu,2025-02-25,48.33,Dry_White_Maize,2025-08,9
Uasin-Gishu,2025-02-25,37.9,Dry_White_Maize,2025-08,9
Uasin-Gishu,2025-02-27,48.33,Dry_White_Maize,2025-08,9
Uasin-Gishu,2025-02-27,40.0,Dry_White_Maize,2025-08,9
Uasin-Gishu,2025-02-28,48.33,Dry_White_Maize,2025-08,9
Uasin-Gishu,2025-02-28,48.33,Dry_White_Maize,2025-08,9
Uasin-Gishu,2025-02-28,38.46,Dry_White_Maize,2025-08,9
Uasin-Gishu,2025-02-28,40.0,Dry_White_Maize,2025-08,9
Uasin-Gishu,2025-03-05,48.33,Dry_White_Maize,2025-09,10
Uasin-Gishu,2025-03-05,40.0,Dry_White_Maize,2025-09,10
Uasin-Gishu,2025-03-06,48.33,Dry_White_Maize,2025-09,10
Uasin-Gishu,2025-03-06,48.33,Dry_White_Maize,2025-09,10
Uasin-Gishu,2025-03-06,38.46,Dry_White_Maize,2025-09,10
Uasin-Gishu,2025-03-06,40.0,Dry_White_Maize,2025-09,10
Uasin-Gishu,2025-03-07,40.65,Dry_White_Maize,2025-09,10
Uasin-Gishu,2025-03-10,48.33,Dry_White_Maize,2025-10,11
Uasin-Gishu,2025-03-10,39.56,Dry_White_Maize,2025-10,11
Uasin-Gishu,2025-03-13,48.33,Dry_White_Maize,2025-10,11
Nakuru,2025-03-13,39.56,Dry_White_Maize,2025-10,11
Uasin-Gishu,2025-03-17,48.33,Dry_White_Maize,2025-11,12
Uasin-Gishu,2025-03-17,48.33,Dry_White_Maize,2025-11,12
Uasin-Gishu,2025-03-17,45.05,Dry_White_Maize,2025-11,12
Uasin-Gishu,2025-03-17,48.44,Dry_White_Maize,2025-11,12
Nakuru,2025-03-17,43.95,Dry_White_Maize,2025-11,12
Uasin-Gishu,2025-03-17,48.44,Dry_White_Maize,2025-11,12
Uasin-Gishu,2025-03-18,48.33,Dry_White_Maize,2025-11,12
Uasin-Gishu,2025-03-18,48.33,Dry_White_Maize,2025-11,12
Uasin-Gishu,2025-03-18,48.33,Dry_White_Maize,2025-11,12
Uasin-Gishu,2025-03-18,48.33,Dry_White_Maize,2025-11,12
Nakuru,2025-03-18,45.05,Dry_White_Maize,2025-11,12
Nakuru,2025-03-18,45.05,Dry_White_Maize,2025-11,12
Uasin-Gishu,2025-03-19,48.33,Dry_White_Maize,2025-11,12
Uasin-Gishu,2025-03-19,48.33,Dry_White_Maize,2025-11,12
Uasin-Gishu,2025-03-19,48.33,Dry_White_Maize,2025-11,12
Uasin-Gishu,2025-03-19,46.11,Dry_White_Maize,2025-11,12
Uasin-Gishu,2025-03-19,45.05,Dry_White_Maize,2025-11,12
Nakuru,2025-03-19,45.05,Dry_White_Maize,2025-11,12
Uasin-Gishu,2025-03-19,45.05,Dry_White_Maize,2025-11,12
Uasin-Gishu,2025-03-19,45.05,Dry_White_Maize,2025-11,12
Uasin-Gishu,2025-03-20,46.11,Dry_White_Maize,2025-11,12
Uasin-Gishu,2025-03-20,46.11,Dry_White_Maize,2025-11,12
Uasin-Gishu,2025-03-20,48.44,Dry_White_Maize,2025-11,12
Uasin-Gishu,2025-03-20,48.44,Dry_White_Maize,2025-11,12
Uasin-Gishu,2025-03-21,46.11,Dry_White_Maize,2025-11,12
Uasin-Gishu,2025-03-21,46.11,Dry_White_Maize,2025-11,12
Nakuru,2025-03-21,45.05,Dry_White_Maize,2025-11,12
Uasin-Gishu,2025-03-21,48.44,Dry_White_Maize,2025-11,12
Uasin-Gishu,2025-03-22,46.67,Dry_White_Maize,2025-11,12
Uasin-Gishu,2025-03-22,48.33,Dry_White_Maize,2025-11,12
Uasin-Gishu,2025-03-22,46.7,Dry_White_Maize,2025-11,12
Uasin-Gishu,2025-03-22,48.44,Dry_White_Maize,2025-11,12
Uasin-Gishu,2025-03-24,48.33,Dry_White_Maize,2025-12,13
Uasin-Gishu,2025-03-24,48.44,Dry_White_Maize,2025-12,13
Uasin-Gishu,2025-03-25,48.33,Dry_White_Maize,2025-12,13
Uasin-Gishu,2025-03-25,48.44,Dry_White_Maize,2025-12,13
Uasin-Gishu,2025-03-27,48.33,Dry_White_Maize,2025-12,13
Uasin-Gishu,2025-03-27,50.0,Dry_White_Maize,2025-12,13
Uasin-Gishu,2025-03-27,48.44,Dry_White_Maize,2025-12,13
Uasin-Gishu,2025-03-27,48.44,Dry_White_Maize,2025-12,13
Uasin-Gishu,2025-03-28,50.0,Dry_White_Maize,2025-12,13
Uasin-Gishu,2025-03-28,48.44,Dry_White_Maize,2025-12,13
Uasin-Gishu,2025-04-01,51.11,Dry_White_Maize,2025-13,14
Mombasa,2025-04-01,47.22,Dry_White_Maize,2025-13,14
Uasin-Gishu,2025-04-01,43.95,Dry_White_Maize,2025-13,14
Mombasa,2025-04-01,47.22,Dry_White_Maize,2025-13,14
Mombasa,2025-04-01,47.22,Dry_White_Maize,2025-13,14
Uasin-Gishu,2025-04-03,46.11,Dry_White_Maize,2025-13,14
Nakuru,2025-04-04,44.44,Dry_White_Maize,2025-13,14
Uasin-Gishu,2025-04-05,43.95,Dry_White_Maize,2025-13,14
Uasin-Gishu,2025-04-05,43.95,Dry_White_Maize,2025-13,14
Uasin-Gishu,2025-04-05,43.95,Dry_White_Maize,2025-13,14
Uasin-Gishu,2025-04-05,43.95,Dry_White_Maize,2025-13,14
Uasin-Gishu,2025-04-05,43.95,Dry_White_Maize,2025-13,14
Uasin-Gishu,2025-04-07,42.3,Dry_White_Maize,2025-14,15
Uasin-Gishu,2025-04-07,42.3,Dry_White_Maize,2025-14,15
Uasin-Gishu,2025-04-08,46.11,Dry_White_Maize,2025-14,15
Uasin-Gishu,2025-04-09,45.55,Dry_White_Maize,2025-14,15
Uasin-Gishu,2025-04-10,41.75,Dry_White_Maize,2025-14,15
Uasin-Gishu,2025-04-10,41.75,Dry_White_Maize,2025-14,15
Uasin-Gishu,2025-04-12,46.11,Dry_White_Maize,2025-14,15
Uasin-Gishu,2025-04-12,41.75,Dry_White_Maize,2025-14,15
Uasin-Gishu,2025-04-12,41.75,Dry_White_Maize,2025-14,15
Uasin-Gishu,2025-04-12,45.55,Dry_White_Maize,2025-14,15
Uasin-Gishu,2025-04-15,46.11,Dry_White_Maize,2025-15,16
Bungoma,2025-04-15,46.77,Dry_White_Maize,2025-15,16
Uasin-Gishu,2025-04-16,41.75,Dry_White_Maize,2025-15,16
Uasin-Gishu,2025-04-17,45.55,Dry_White_Maize,2025-15,16
Uasin-Gishu,2025-04-17,46.11,Dry_White_Maize,2025-15,16
Uasin-Gishu,2025-04-22,45.55,Dry_White_Maize,2025-16,17
Uasin-Gishu,2025-04-22,46.11,Dry_White_Maize,2025-16,17
Bungoma,2025-04-23,46.67,Dry_White_Maize,2025-16,17
Uasin-Gishu,2025-04-25,46.11,Dry_White_Maize,2025-16,17
Uasin-Gishu,2025-04-26,45.56,Dry_White_Maize,2025-16,17
Uasin-Gishu,2025-04-28,46.11,Dry_White_Maize,2025-17,18
Uasin-Gishu,2025-04-29,45.56,Dry_White_Maize,2025-17,18
Uasin-Gishu,2025-04-30,46.11,Dry_White_Maize,2025-17,18
Uasin-Gishu,2025-05-02,45.46,Dry_White_Maize,2025-17,18
Uasin-Gishu,2025-05-02,45.6,Dry_White_Maize,2025-17,18
Uasin-Gishu,2025-05-02,45.6,Dry_White_Maize,2025-17,18
Uasin-Gishu,2025-05-04,46.15,Dry_White_Maize,2025-18,18
Uasin-Gishu,2025-05-04,46.15,Dry_White_Maize,2025-18,18
Uasin-Gishu,2025-05-04,46.15,Dry_White_Maize,2025-18,18
Uasin-Gishu,2025-05-05,46.67,Dry_White_Maize,2025-18,19
Uasin-Gishu,2025-05-05,46.15,Dry_White_Maize,2025-18,19
Uasin-Gishu,2025-05-05,46.66,Dry_White_Maize,2025-18,19
Uasin-Gishu,2025-05-07,47.8,Dry_White_Maize,2025-18,19
Uasin-Gishu,2025-05-07,47.8,Dry_White_Maize,2025-18,19
Uasin-Gishu,2025-05-08,50.0,Dry_White_Maize,2025-18,19
Uasin-Gishu,2025-05-08,48.89,Dry_White_Maize,2025-18,19
Uasin-Gishu,2025-05-08,47.8,Dry_White_Maize,2025-18,19
Uasin-Gishu,2025-05-08,48.89,Dry_White_Maize,2025-18,19
Uasin-Gishu,2025-05-09,47.8,Dry_White_Maize,2025-18,19
Uasin-Gishu,2025-05-11,50.0,Dry_White_Maize,2025-19,19
Uasin-Gishu,2025-05-11,48.9,Dry_White_Maize,2025-19,19
Uasin-Gishu,2025-05-11,48.9,Dry_White_Maize,2025-19,19
Uasin-Gishu,2025-05-11,48.89,Dry_White_Maize,2025-19,19
Uasin-Gishu,2025-05-11,48.9,Dry_White_Maize,2025-19,19
Uasin-Gishu,2025-05-11,48.89,Dry_White_Maize,2025-19,19
Uasin-Gishu,2025-05-11,48.9,Dry_White_Maize,2025-19,19
Uasin-Gishu,2025-05-11,48.9,Dry_White_Maize,2025-19,19
Uasin-Gishu,2025-05-12,50.0,Dry_White_Maize,2025-19,20
Uasin-Gishu,2025-05-12,50.0,Dry_White_Maize,2025-19,20
Uasin-Gishu,2025-05-14,50.54,Dry_White_Maize,2025-19,20
Uasin-Gishu,2025-05-14,51.11,Dry_White_Maize,2025-19,20
Uasin-Gishu,2025-05-14,51.11,Dry_White_Maize,2025-19,20
Uasin-Gishu,2025-05-14,50.0,Dry_White_Maize,2025-19,20
Uasin-Gishu,2025-05-14,49.4,Dry_White_Maize,2025-19,20
Uasin-Gishu,2025-05-14,50.0,Dry_White_Maize,2025-19,20
Uasin-Gishu,2025-05-15,50.54,Dry_White_Maize,2025-19,20
Uasin-Gishu,2025-05-20,51.11,Dry_White_Maize,2025-20,21
Uasin-Gishu,2025-05-20,51.11,Dry_White_Maize,2025-20,21
Uasin-Gishu,2025-05-20,51.11,Dry_White_Maize,2025-20,21
Uasin-Gishu,2025-05-20,51.11,Dry_White_Maize,2025-20,21
Uasin-Gishu,2025-05-21,51.11,Dry_White_Maize,2025-20,21
Uasin-Gishu,2025-05-21,50.0,Dry_White_Maize,2025-20,21
Uasin-Gishu,2025-05-28,52.22,Dry_White_Maize,2025-21,22
Uasin-Gishu,2025-05-28,52.22,Dry_White_Maize,2025-21,22
Uasin-Gishu,2025-05-28,52.22,Dry_White_Maize,2025-21,22
Uasin-Gishu,2025-05-28,52.22,Dry_White_Maize,2025-21,22
Uasin-Gishu,2025-05-28,52.22,Dry_White_Maize,2025-21,22
Uasin-Gishu,2025-05-30,52.22,Dry_White_Maize,2025-21,22
Uasin-Gishu,2025-06-03,51.11,Dry_White_Maize,2025-22,23
Uasin-Gishu,2025-06-03,51.11,Dry_White_Maize,2025-22,23
Uasin-Gishu,2025-06-04,51.11,Dry_White_Maize,2025-22,23
Uasin-Gishu,2025-06-04,51.11,Dry_White_Maize,2025-22,23
Uasin-Gishu,2025-06-05,26.0,Dry_White_Maize,2025-22,23
Uasin-Gishu,2025-06-07,51.11,Dry_White_Maize,2025-22,23
Uasin-Gishu,2025-06-09,51.11,Dry_White_Maize,2025-23,24
Uasin-Gishu,2025-06-10,51.11,Dry_White_Maize,2025-23,24
Uasin-Gishu,2025-06-10,51.11,Dry_White_Maize,2025-23,24
Uasin-Gishu,2025-06-10,51.11,Dry_White_Maize,2025-23,24
Uasin-Gishu,2025-06-12,51.11,Dry_White_Maize,2025-23,24
Uasin-Gishu,2025-06-12,50.0,Dry_White_Maize,2025-23,24
Uasin-Gishu,2025-06-13,46.7,Dry_White_Maize,2025-23,24
Uasin-Gishu,2025-06-13,50.0,Dry_White_Maize,2025-23,24
Uasin-Gishu,2025-06-13,50.0,Dry_White_Maize,2025-23,24
Uasin-Gishu,2025-06-13,46.7,Dry_White_Maize,2025-23,24
Uasin-Gishu,2025-06-13,50.0,Dry_White_Maize,2025-23,24
Uasin-Gishu,2025-06-13,50.0,Dry_White_Maize,2025-23,24
Uasin-Gishu,2025-06-13,50.0,Dry_White_Maize,2025-23,24
Uasin-Gishu,2025-06-13,50.0,Dry_White_Maize,2025-23,24
Machakos,2025-07-02,46.67,Dry_White_Maize,2025-26,27
Nairobi,2025-07-10,47.22,Dry_White_Maize,2025-27,28
Nairobi,2025-07-18,47.22,Dry_White_Maize,2025-28,29
Kiambu,2025-08-04,44.22,Dry_White_Maize,2025-31,32
Nairobi,2025-08-04,44.44,Dry_White_Maize,2025-31,32
Uasin-Gishu,2025-08-04,46.11,Dry_White_Maize,2025-31,32
Uasin-Gishu,2025-08-04,45.56,Dry_White_Maize,2025-31,32
Uasin-Gishu,2025-08-04,44.44,Dry_White_Maize,2025-31,32
Kirinyaga,2025-08-04,46.67,Dry_White_Maize,2025-31,32
Mombasa,2025-08-04,45.0,Dry_White_Maize,2025-31,32
Nairobi,2025-08-04,45.56,Dry_White_Maize,2025-31,32
Nairobi,2025-08-04,44.44,Dry_White_Maize,2025-31,32
Kajiado,2025-08-04,42.22,Dry_White_Maize,2025-31,32
Nairobi,2025-08-04,48.33,Dry_White_Maize,2025-31,32
Uasin-Gishu,2025-08-04,42.22,Dry_White_Maize,2025-31,32
Uasin-Gishu,2025-08-04,45.0,Dry_White_Maize,2025-31,32
Nairobi,2025-08-04,44.44,Dry_White_Maize,2025-31,32
Uasin-Gishu,2025-08-04,45.56,Dry_White_Maize,2025-31,32
Kiambu,2025-08-05,44.22,Dry_White_Maize,2025-31,32
Nairobi,2025-08-05,44.44,Dry_White_Maize,2025-31,32
Uasin-Gishu,2025-08-05,46.11,Dry_White_Maize,2025-31,32
Uasin-Gishu,2025-08-05,45.56,Dry_White_Maize,2025-31,32
Uasin-Gishu,2025-08-05,44.44,Dry_White_Maize,2025-31,32
Kirinyaga,2025-08-05,46.67,Dry_White_Maize,2025-31,32
Mombasa,2025-08-05,44.44,Dry_White_Maize,2025-31,32
Nairobi,2025-08-05,45.56,Dry_White_Maize,2025-31,32
Nairobi,2025-08-05,43.89,Dry_White_Maize,2025-31,32
Kajiado,2025-08-05,42.22,Dry_White_Maize,2025-31,32
Nairobi,2025-08-05,48.33,Dry_White_Maize,2025-31,32
Uasin-Gishu,2025-08-05,42.22,Dry_White_Maize,2025-31,32
Uasin-Gishu,2025-08-05,45.0,Dry_White_Maize,2025-31,32
Nairobi,2025-08-05,43.33,Dry_White_Maize,2025-31,32
Kiambu,2025-08-06,44.22,Dry_White_Maize,2025-31,32
Nairobi,2025-08-06,43.33,Dry_White_Maize,2025-31,32
Uasin-Gishu,2025-08-06,45.56,Dry_White_Maize,2025-31,32
Uasin-Gishu,2025-08-06,44.44,Dry_White_Maize,2025-31,32
Uasin-Gishu,2025-08-06,43.89,Dry_White_Maize,2025-31,32
Kirinyaga,2025-08-06,46.67,Dry_White_Maize,2025-31,32
Mombasa,2025-08-06,43.89,Dry_White_Maize,2025-31,32
Nairobi,2025-08-06,45.56,Dry_White_Maize,2025-31,32
Nairobi,2025-08-06,43.33,Dry_White_Maize,2025-31,32
Kajiado,2025-08-06,42.22,Dry_White_Maize,2025-31,32
Nairobi,2025-08-06,47.78,Dry_White_Maize,2025-31,32
Uasin-Gishu,2025-08-06,41.11,Dry_White_Maize,2025-31,32
Uasin-Gishu,2025-08-06,45.0,Dry_White_Maize,2025-31,32
Nairobi,2025-08-06,43.33,Dry_White_Maize,2025-31,32
Kiambu,2025-08-07,44.22,Dry_White_Maize,2025-31,32
Nairobi,2025-08-07,43.33,Dry_White_Maize,2025-31,32
Uasin-Gishu,2025-08-07,45.0,Dry_White_Maize,2025-31,32
Uasin-Gishu,2025-08-07,44.44,Dry_White_Maize,2025-31,32
Uasin-Gishu,2025-08-07,43.33,Dry_White_Maize,2025-31,32
Kirinyaga,2025-08-07,46.67,Dry_White_Maize,2025-31,32
Mombasa,2025-08-07,43.89,Dry_White_Maize,2025-31,32
Nairobi,2025-08-07,45.56,Dry_White_Maize,2025-31,32
Nairobi,2025-08-07,43.33,Dry_White_Maize,2025-31,32
Kajiado,2025-08-07,42.22,Dry_White_Maize,2025-31,32
Nairobi,2025-08-07,47.78,Dry_White_Maize,2025-31,32
Uasin-Gishu,2025-08-07,41.11,Dry_White_Maize,2025-31,32
Uasin-Gishu,2025-08-07,45.0,Dry_White_Maize,2025-31,32
Nairobi,2025-08-07,43.33,Dry_White_Maize,2025-31,32
Kiambu,2025-08-11,42.78,Dry_White_Maize,2025-32,33
Nairobi,2025-08-11,41.67,Dry_White_Maize,2025-32,33
Uasin-Gishu,2025-08-11,42.22,Dry_White_Maize,2025-32,33
Uasin-Gishu,2025-08-11,42.22,Dry_White_Maize,2025-32,33
Nairobi,2025-08-11,42.22,Dry_White_Maize,2025-32,33
Kajiado,2025-08-11,38.89,Dry_White_Maize,2025-32,33
Nairobi,2025-08-11,47.78,Dry_White_Maize,2025-32,33
Uasin-Gishu,2025-08-11,38.89,Dry_White_Maize,2025-32,33
Nairobi,2025-08-11,43.33,Dry_White_Maize,2025-32,33
Kiambu,2025-08-12,42.78,Dry_White_Maize,2025-32,33
Nairobi,2025-08-12,41.67,Dry_White_Maize,2025-32,33
Uasin-Gishu,2025-08-12,42.22,Dry_White_Maize,2025-32,33
Uasin-Gishu,2025-08-12,43.33,Dry_White_Maize,2025-32,33
Uasin-Gishu,2025-08-12,42.22,Dry_White_Maize,2025-32,33
Mombasa,2025-08-12,42.78,Dry_White_Maize,2025-32,33
Nairobi,2025-08-12,45.56,Dry_White_Maize,2025-32,33
Nairobi,2025-08-12,42.22,Dry_White_Maize,2025-32,33
Kajiado,2025-08-12,38.89,Dry_White_Maize,2025-32,33
Nairobi,2025-08-12,47.78,Dry_White_Maize,2025-32,33
Uasin-Gishu,2025-08-12,38.89,Dry_White_Maize,2025-32,33
Nairobi,2025-08-12,43.33,Dry_White_Maize,2025-32,33
Kiambu,2025-08-13,42.78,Dry_White_Maize,2025-32,33
Nairobi,2025-08-13,41.67,Dry_White_Maize,2025-32,33
Uasin-Gishu,2025-08-13,42.22,Dry_White_Maize,2025-32,33
Uasin-Gishu,2025-08-13,43.33,Dry_White_Maize,2025-32,33
Uasin-Gishu,2025-08-13,42.22,Dry_White_Maize,2025-32,33
Mombasa,2025-08-13,42.78,Dry_White_Maize,2025-32,33
Nairobi,2025-08-13,45.56,Dry_White_Maize,2025-32,33
Nairobi,2025-08-13,42.22,Dry_White_Maize,2025-32,33
Kajiado,2025-08-13,38.89,Dry_White_Maize,2025-32,33
Nairobi,2025-08-13,47.78,Dry_White_Maize,2025-32,33
Uasin-Gishu,2025-08-13,38.89,Dry_White_Maize,2025-32,33
Nairobi,2025-08-13,43.33,Dry_White_Maize,2025-32,33
Kiambu,2025-08-14,42.78,Dry_White_Maize,2025-32,33
Nairobi,2025-08-14,41.67,Dry_White_Maize,2025-32,33
Uasin-Gishu,2025-08-14,42.22,Dry_White_Maize,2025-32,33
Uasin-Gishu,2025-08-14,42.22,Dry_White_Maize,2025-32,33
Uasin-Gishu,2025-08-14,42.22,Dry_White_Maize,2025-32,33
Mombasa,2025-08-14,42.78,Dry_White_Maize,2025-32,33
Nairobi,2025-08-14,44.44,Dry_White_Maize,2025-32,33
Nairobi,2025-08-14,42.22,Dry_White_Maize,2025-32,33
Kajiado,2025-08-14,38.89,Dry_White_Maize,2025-32,33
Nairobi,2025-08-14,47.78,Dry_White_Maize,2025-32,33
Uasin-Gishu,2025-08-14,38.89,Dry_White_Maize,2025-32,33
Nairobi,2025-08-14,42.22,Dry_White_Maize,2025-32,33
Uasin-Gishu,2025-08-14,39.91,Dry_White_Maize,2025-32,33
Uasin-Gishu,2025-08-14,39.37,Dry_White_Maize,2025-32,33
Nairobi,2025-08-15,41.67,Dry_White_Maize,2025-32,33
Uasin-Gishu,2025-08-15,41.11,Dry_White_Maize,2025-32,33
Uasin-Gishu,2025-08-15,44.44,Dry_White_Maize,2025-32,33
Kiambu,2025-08-15,42.22,Dry_White_Maize,2025-32,33
Nairobi,2025-08-15,48.33,Dry_White_Maize,2025-32,33
Uasin-Gishu,2025-08-15,42.22,Dry_White_Maize,2025-32,33
Nairobi,2025-08-15,42.22,Dry_White_Maize,2025-32,33
Kajiado,2025-08-15,38.89,Dry_White_Maize,2025-32,33
Uasin-Gishu,2025-08-15,40.0,Dry_White_Maize,2025-32,33
Uasin-Gishu,2025-08-15,42.22,Dry_White_Maize,2025-32,33
Nairobi,2025-08-15,42.22,Dry_White_Maize,2025-32,33
Nairobi,2025-08-15,45.56,Dry_White_Maize,2025-32,33
Nairobi,2025-08-16,41.11,Dry_White_Maize,2025-32,33
Uasin-Gishu,2025-08-16,41.11,Dry_White_Maize,2025-32,33
Kiambu,2025-08-16,41.11,Dry_White_Maize,2025-32,33
Nairobi,2025-08-16,48.33,Dry_White_Maize,2025-32,33
Uasin-Gishu,2025-08-16,41.11,Dry_White_Maize,2025-32,33
Nairobi,2025-08-16,41.67,Dry_White_Maize,2025-32,33
Kajiado,2025-08-16,38.89,Dry_White_Maize,2025-32,33
Uasin-Gishu,2025-08-16,40.0,Dry_White_Maize,2025-32,33
Uasin-Gishu,2025-08-16,41.11,Dry_White_Maize,2025-32,33
Nairobi,2025-08-16,42.22,Dry_White_Maize,2025-32,33
Nairobi,2025-08-16,45.56,Dry_White_Maize,2025-32,33
Nairobi,2025-08-17,41.11,Dry_White_Maize,2025-33,33
Uasin-Gishu,2025-08-17,41.11,Dry_White_Maize,2025-33,33
Kiambu,2025-08-17,41.11,Dry_White_Maize,2025-33,33
Nairobi,2025-08-17,48.33,Dry_White_Maize,2025-33,33
Uasin-Gishu,2025-08-17,41.11,Dry_White_Maize,2025-33,33
Nairobi,2025-08-17,41.67,Dry_White_Maize,2025-33,33
Kajiado,2025-08-17,38.89,Dry_White_Maize,2025-33,33
Uasin-Gishu,2025-08-17,40.0,Dry_White_Maize,2025-33,33
Uasin-Gishu,2025-08-17,41.11,Dry_White_Maize,2025-33,33
Nairobi,2025-08-17,42.22,Dry_White_Maize,2025-33,33
Nairobi,2025-08-17,45.56,Dry_White_Maize,2025-33,33
Nairobi,2025-08-18,41.11,Dry_White_Maize,2025-33,34
Uasin-Gishu,2025-08-18,41.11,Dry_White_Maize,2025-33,34
Kiambu,2025-08-18,41.11,Dry_White_Maize,2025-33,34
Nairobi,2025-08-18,48.33,Dry_White_Maize,2025-33,34
Kajiado,2025-08-18,38.89,Dry_White_Maize,2025-33,34
Uasin-Gishu,2025-08-18,40.0,Dry_White_Maize,2025-33,34
Uasin-Gishu,2025-08-18,41.11,Dry_White_Maize,2025-33,34
Nairobi,2025-08-18,42.22,Dry_White_Maize,2025-33,34
Nairobi,2025-08-18,45.56,Dry_White_Maize,2025-33,34
Nairobi,2025-08-19,41.11,Dry_White_Maize,2025-33,34
Uasin-Gishu,2025-08-19,41.11,Dry_White_Maize,2025-33,34
Kiambu,2025-08-19,41.11,Dry_White_Maize,2025-33,34
Nairobi,2025-08-19,48.33,Dry_White_Maize,2025-33,34
Uasin-Gishu,2025-08-19,41.11,Dry_White_Maize,2025-33,34
Nairobi,2025-08-19,41.67,Dry_White_Maize,2025-33,34
Kajiado,2025-08-19,38.89,Dry_White_Maize,2025-33,34
Uasin-Gishu,2025-08-19,40.0,Dry_White_Maize,2025-33,34
Uasin-Gishu,2025-08-19,41.11,Dry_White_Maize,2025-33,34
Nairobi,2025-08-19,42.22,Dry_White_Maize,2025-33,34
Nairobi,2025-08-19,45.56,Dry_White_Maize,2025-33,34
Nairobi,2025-08-20,43.33,Dry_White_Maize,2025-33,34
Uasin-Gishu,2025-08-24,39.12,Dry_White_Maize,2025-34,34
Nairobi,2025-08-25,48.33,Dry_White_Maize,2025-34,35
Nairobi,2025-08-25,48.16,Dry_White_Maize,2025-34,35
Uasin-Gishu,2025-08-25,37.99,Dry_White_Maize,2025-34,35
Uasin-Gishu,2025-08-26,39.56,Dry_White_Maize,2025-34,35
Uasin-Gishu,2025-08-26,38.46,Dry_White_Maize,2025-34,35
Uasin-Gishu,2025-08-28,40.0,Dry_White_Maize,2025-34,35
Uasin-Gishu,2025-08-28,38.89,Dry_White_Maize,2025-34,35
Nairobi,2025-08-28,42.22,Dry_White_Maize,2025-34,35
Nairobi,2025-08-28,42.22,Dry_White_Maize,2025-34,35
Nairobi,2025-08-28,44.44,Dry_White_Maize,2025-34,35
Uasin-Gishu,2025-08-28,40.0,Dry_White_Maize,2025-34,35
Kiambu,2025-08-28,42.22,Dry_White_Maize,2025-34,35
Uasin-Gishu,2025-08-28,40.0,Dry_White_Maize,2025-34,35
Uasin-Gishu,2025-09-01,40.0,Dry_White_Maize,2025-35,36
Uasin-Gishu,2025-09-01,37.78,Dry_White_Maize,2025-35,36
Nairobi,2025-09-01,41.11,Dry_White_Maize,2025-35,36
Nairobi,2025-09-01,42.22,Dry_White_Maize,2025-35,36
Nairobi,2025-09-01,44.44,Dry_White_Maize,2025-35,36
Uasin-Gishu,2025-09-01,40.0,Dry_White_Maize,2025-35,36
Kiambu,2025-09-01,42.22,Dry_White_Maize,2025-35,36
Uasin-Gishu,2025-09-01,40.0,Dry_White_Maize,2025-35,36
Uasin-Gishu,2025-09-01,38.47,Dry_White_Maize,2025-35,36
Trans-Nzoia,2025-09-01,40.0,Dry_White_Maize,2025-35,36
Uasin-Gishu,2025-09-08,40.0,Dry_White_Maize,2025-36,37
Uasin-Gishu,2025-09-08,37.78,Dry_White_Maize,2025-36,37
Nairobi,2025-09-08,41.11,Dry_White_Maize,2025-36,37
Nairobi,2025-09-08,42.22,Dry_White_Maize,2025-36,37
Nairobi,2025-09-08,44.44,Dry_White_Maize,2025-36,37
Uasin-Gishu,2025-09-10,40.0,Dry_White_Maize,2025-36,37
Kiambu,2025-09-10,42.22,Dry_White_Maize,2025-36,37
Uasin-Gishu,2025-09-10,40.0,Dry_White_Maize,2025-36,37
Uasin-Gishu,2025-09-10,38.47,Dry_White_Maize,2025-36,37
Trans-Nzoia,2025-09-10,40.0,Dry_White_Maize,2025-36,37
Nairobi,2025-09-15,43.33,Dry_White_Maize,2025-37,38
Nairobi,2025-09-15,42.22,Dry_White_Maize,2025-37,38
Uasin-Gishu,2025-09-15,40.0,Dry_White_Maize,2025-37,38
Uasin-Gishu,2025-09-15,38.89,Dry_White_Maize,2025-37,38
Nairobi,2025-09-15,41.11,Dry_White_Maize,2025-37,38
Nairobi,2025-09-15,43.33,Dry_White_Maize,2025-37,38
Nairobi,2025-09-15,44.44,Dry_White_Maize,2025-37,38
Uasin-Gishu,2025-09-15,40.0,Dry_White_Maize,2025-37,38
Kiambu,2025-09-15,43.33,Dry_White_Maize,2025-37,38
Uasin-Gishu,2025-09-15,40.0,Dry_White_Maize,2025-37,38
Uasin-Gishu,2025-09-15,38.89,Dry_White_Maize,2025-37,38
Nairobi,2025-09-22,43.33,Dry_White_Maize,2025-38,39
Nairobi,2025-09-22,42.22,Dry_White_Maize,2025-38,39
Uasin-Gishu,2025-09-22,38.89,Dry_White_Maize,2025-38,39
Uasin-Gishu,2025-09-22,37.78,Dry_White_Maize,2025-38,39
Nairobi,2025-09-22,41.11,Dry_White_Maize,2025-38,39
Nairobi,2025-09-22,43.33,Dry_White_Maize,2025-38,39
Nairobi,2025-09-22,44.44,Dry_White_Maize,2025-38,39
Uasin-Gishu,2025-09-22,38.89,Dry_White_Maize,2025-38,39
Kiambu,2025-09-22,43.33,Dry_White_Maize,2025-38,39
Uasin-Gishu,2025-09-22,38.89,Dry_White_Maize,2025-38,39
Uasin-Gishu,2025-09-22,37.78,Dry_White_Maize,2025-38,39
Uasin-Gishu,2025-09-22,38.89,Dry_White_Maize,2025-38,39
Nairobi,2025-09-22,42.22,Dry_White_Maize,2025-38,39
Uasin-Gishu,2025-09-22,38.89,Dry_White_Maize,2025-38,39
Uasin-Gishu,2025-09-29,37.78,Dry_White_Maize,2025-39,40
Nairobi,2025-09-29,41.11,Dry_White_Maize,2025-39,40
Nairobi,2025-09-29,40.56,Dry_White_Maize,2025-39,40
Nairobi,2025-09-29,42.22,Dry_White_Maize,2025-39,40
Uasin-Gishu,2025-09-29,38.89,Dry_White_Maize,2025-39,40
Kiambu,2025-09-29,41.11,Dry_White_Maize,2025-39,40
Uasin-Gishu,2025-09-29,38.89,Dry_White_Maize,2025-39,40
Uasin-Gishu,2025-09-29,36.67,Dry_White_Maize,2025-39,40
Uasin-Gishu,2025-09-29,38.89,Dry_White_Maize,2025-39,40
Uasin-Gishu,2025-09-29,38.89,Dry_White_Maize,2025-39,40
Uasin-Gishu,2025-10-06,37.78,Dry_White_Maize,2025-40,41
Nairobi,2025-10-06,41.11,Dry_White_Maize,2025-40,41
Nairobi,2025-10-06,40.56,Dry_White_Maize,2025-40,41
Nairobi,2025-10-06,40.0,Dry_White_Maize,2025-40,41
Uasin-Gishu,2025-10-06,38.89,Dry_White_Maize,2025-40,41
Kiambu,2025-10-06,41.11,Dry_White_Maize,2025-40,41
Uasin-Gishu,2025-10-06,38.89,Dry_White_Maize,2025-40,41
Uasin-Gishu,2025-10-06,36.67,Dry_White_Maize,2025-40,41
Uasin-Gishu,2025-10-06,38.89,Dry_White_Maize,2025-40,41
Uasin-Gishu,2025-10-06,38.89,Dry_White_Maize,2025-40,41
Uasin-Gishu,2025-09-24,,Dry_White_Maize,2025-38,39
Uasin-Gishu,2025-09-26,,Dry_White_Maize,2025-38,39
