{
  "description": "This is a system generated manifest of files expected to be present in this zip. It can be safely deleted.",
  "metadata": {
    "generated_at": "2025-11-18T14:42:37+00:00",
    "trigger": {
      "file_hashid": "unknown",
      "action": "unknown"
    }
  },
  "manifest": [
    {
      "filename": "agriBORA_maize_prices_week_46.csv",
      "filesize": 256,
      "description": "agriBORA's maize prices for week 46 of year 2025",
      "created_at": "2025-11-18 14:41:57 UTC",
      "updated_at": "2025-11-18 14:42:37 UTC"
    },
    {
      "filename": "kamis_maize_prices.csv",
      "filesize": 2701220,
      "description": "Historical prices of maize at different market in Kenya from 2021 - 2025/07.",
      "created_at": "2025-11-12 11:19:46 UTC",
      "updated_at": "2025-11-12 11:21:38 UTC"
    },
    {
      "filename": "agribora_maize_prices.csv",
      "filesize": 43457,
      "description": "Transaction data between businesses showing the weekly white maize prices from 2023/10 - 2025/10.",
      "created_at": "2025-11-12 11:19:52 UTC",
      "updated_at": "2025-11-12 11:25:22 UTC"
    },
    {
      "filename": "kamis_maize_prices_raw.csv",
      "filesize": 2300652,
      "description": "Raw historical prices of maize at different market in Kenya from 2021 - 2025/07.",
      "created_at": "2025-11-12 11:30:50 UTC",
      "updated_at": "2025-11-12 11:31:23 UTC"
    },
    {
      "filename": "StarterNotebook.ipynb",
      "filesize": 753589,
      "description": "This is a starter notebook to help you make your first submission. ",
      "created_at": "2025-11-14 13:29:57 UTC",
      "updated_at": "2025-11-14 13:30:00 UTC"
    },
    {
      "filename": "SampleSubmission.csv",
      "filesize": 751,
      "description": "Is an example of what your submission file should look like. The order of the rows does not matter, but the names of the \"ID\" must be correct.",
      "created_at": "2025-11-14 14:33:34 UTC",
      "updated_at": "2025-11-14 14:33:44 UTC"
    }
  ]
}